fecha,tasa
1989-12-31,452.94
1990-04-30,117.76
1990-05-31,104.61
1990-06-30,159.82
1990-07-31,118.5
1990-08-31,110.2
1990-09-30,176.22
1990-10-31,121.79
1990-11-30,76.03
1990-12-31,74.34
1991-01-31,150.87
1991-02-28,183.33
1991-03-31,131.16
1991-04-30,16.91
1991-05-31,19.91
1991-06-30,18.95
1991-07-31,23.4
1991-08-31,16.21
1991-09-30,14.36
1991-10-31,12.47
1991-11-30,12.23
1991-12-31,15.17
1992-01-31,14.01
1992-02-29,10.29
1992-03-31,10.66
1992-04-30,11.25
1992-05-31,11.06
1992-06-30,10.04
1992-07-31,12.52
1992-08-31,12.31
1992-09-30,12.43
1992-10-31,12.93
1992-11-30,18.03
1992-12-31,25.27
1993-01-31,15.91
1993-02-28,15.39
1993-03-31,11.76
1993-04-30,10.5
1993-05-31,10.06
1993-06-30,9.64
1993-07-31,10.41
1993-08-31,9.75
1993-09-30,8.82
1993-10-31,8.55
1993-11-30,8.22
1993-12-31,9.0
1994-10-31,8.6
1994-11-30,8.79
1995-01-31,11.61
1995-02-28,12.73
1995-03-31,21.22
1995-04-30,19.54
1995-05-31,15.89
1995-06-30,11.07
1995-07-31,10.42
1995-08-31,9.49
1995-09-30,9.63
1995-10-31,9.32
1995-11-30,9.35
1995-12-31,9.52
1996-01-31,8.82
1996-02-29,7.8
1996-03-31,7.55
1996-04-30,7.35
1996-05-31,6.91
1996-06-30,6.87
1996-07-31,7.04
1996-08-31,8.19
1996-09-30,8.34
1996-10-31,7.76
1996-11-30,7.85
1996-12-31,7.94
1997-01-31,7.51
1997-02-28,7.06
1997-03-31,6.95
1997-04-30,6.84
1997-05-31,6.7
1997-06-30,6.64
1997-07-31,6.61
1997-08-31,6.6
1997-09-30,6.6
1997-10-31,7.03
1997-11-30,10.18
1997-12-31,9.08
1998-01-31,8.03
1998-02-28,6.94
1998-03-31,6.87
1998-04-30,6.78
1998-05-31,6.8
1998-06-30,6.73
1998-07-31,6.85
1998-08-31,7.42
1998-09-30,11.09
1998-10-31,9.41
1998-11-30,8.01
1998-12-31,8.1
1999-01-31,9.58
1999-02-28,8.48
1999-03-31,6.86
1999-04-30,6.05
1999-05-31,6.38
1999-06-30,7.62
1999-07-31,7.78
1999-08-31,7.7
1999-09-30,8.26
1999-10-31,9.82
1999-11-30,9.75
1999-12-31,10.68
2000-01-31,8.06
2000-02-29,8.48
2000-03-31,7.54
2000-04-30,7.38
2000-05-31,8.27
2000-06-30,7.83
2000-07-31,7.66
2000-08-31,7.57
2000-09-30,8.09
2000-10-31,8.72
2000-11-30,11.44
2000-12-31,12.89
2001-01-31,8.79
2001-02-28,6.6
2001-03-31,12.94
2001-04-30,14.76
2001-05-31,14.21
2001-06-30,11.38
2001-07-31,24.96
2001-08-31,28.9
2001-09-30,22.92
2001-10-31,23.39
2001-11-30,35.73
2001-12-31,7.7
2002-01-31,6.75
2002-02-28,12.73
2002-03-31,19.85
2002-04-30,60.41
2002-05-31,79.1
2002-06-30,82.41
2002-07-31,85.56
2002-08-31,65.18
2002-09-30,41.84
2002-10-31,29.32
2002-11-30,17.02
2002-12-31,19.32
2003-01-31,15.77
2003-02-28,17.04
2003-03-31,19.88
2003-04-30,18.35
2003-05-31,12.17
2003-06-30,9.61
2003-07-31,5.46
2003-08-31,4.04
2003-09-30,4.04
2003-10-31,4.18
2003-11-30,4.41
2003-12-31,3.64
2004-01-31,2.96
2004-02-29,2.51
2004-03-31,2.49
2004-04-30,2.43
2004-05-31,3.29
2004-06-30,3.05
2004-07-31,3.15
2004-08-31,3.78
2004-09-30,4.0
2004-10-31,4.06
2004-11-30,3.89
2004-12-31,3.82
2005-01-31,3.29
2005-02-28,3.05
2005-03-31,3.17
2005-04-30,3.76
2005-05-31,4.55
2005-06-30,4.74
2005-07-31,5.23
2005-08-31,4.96
2005-09-30,5.13
2005-10-31,5.32
2005-11-30,5.76
2005-12-31,6.45
2006-01-31,7.1
2006-02-28,6.69
2006-03-31,7.24
2006-04-30,7.87
2006-05-31,8.05
2006-06-30,8.08
2006-07-31,8.36
2006-08-31,8.61
2006-09-30,8.57
2006-10-31,8.54
2006-11-30,8.7
2006-12-31,8.9
2007-01-31,8.64
2007-02-28,7.8
2007-03-31,7.95
2007-04-30,7.75
2007-05-31,7.55
2007-06-30,7.68
2007-07-31,8.1
2007-08-31,9.49
2007-09-30,11.32
2007-10-31,11.21
2007-11-30,12.18
2007-12-31,12.15
2008-01-31,10.49
2008-02-29,8.65
2008-03-31,8.58
2008-04-30,8.71
2008-05-31,11.84
2008-06-30,15.54
2008-07-31,14.2
2008-08-31,12.16
2008-09-30,12.04
2008-10-31,15.61
2008-11-30,20.2
2008-12-31,18.57
2009-01-31,15.87
2009-02-28,12.32
2009-03-31,12.31
2009-04-30,12.67
2009-05-31,12.65
2009-06-30,12.75
2009-07-31,12.77
2009-08-31,12.61
2009-09-30,12.11
2009-10-31,11.63
2009-11-30,10.63
2009-12-31,9.69
2010-01-31,9.63
2010-02-28,9.44
2010-03-31,9.3
2010-04-30,9.12
2010-05-31,9.2
2010-06-30,9.73
2010-07-31,9.75
2010-08-31,9.87
2010-09-30,9.93
2010-10-31,10.03
2010-11-30,10.11
2010-12-31,10.28
2011-01-31,10.31
2011-02-28,10.36
2011-03-31,10.43
2011-04-30,10.5
2011-05-31,10.57
2011-06-30,10.58
2011-07-31,10.87
2011-08-31,11.46
2011-09-30,12.09
2011-10-31,15.45
2011-11-30,17.71
2011-12-31,17.32
2012-01-31,15.35
2012-02-29,13.81
2012-03-31,12.85
2012-04-30,12.18
2012-05-31,11.67
2012-06-30,11.98
2012-07-31,12.88
2012-08-31,13.52
2012-09-30,13.85
2012-10-31,14.47
2012-11-30,14.78
2012-12-31,14.94
2013-01-31,14.82
2013-02-28,14.49
2013-03-31,14.56
2013-04-30,14.77
2013-05-31,15.3
2013-06-30,15.95
2013-07-31,16.61
2013-08-31,16.98
2013-09-30,17.41
2013-10-31,18.2
2013-11-30,18.45
2013-12-31,19.37
2014-01-31,20.7
2014-02-28,24.27
2014-03-31,25.11
2014-04-30,25.16
2014-05-31,23.86
2014-06-30,22.52
2014-07-31,21.61
2014-08-31,20.96
2014-09-30,20.09
2014-10-31,20.81
2014-11-30,21.21
2014-12-31,21.3
2015-01-31,21.52
2015-02-28,21.78
2015-03-31,21.95
2015-04-30,21.73
2015-05-31,21.37
2015-06-30,21.61
2015-07-31,21.77
2015-08-31,22.27
2015-09-30,22.55
2015-10-31,22.86
2015-11-30,24.93
2015-12-31,27.95
2016-01-31,26.3
2016-02-29,25.77
2016-03-31,28.84
2016-04-30,29.45
2016-05-31,29.84
2016-06-30,28.16
2016-07-31,25.5
2016-08-31,24.07
2016-09-30,22.33
2016-10-31,21.45
2016-11-30,20.55
2016-12-31,19.51
2017-01-31,19.1
2017-02-28,19.21
2017-03-31,18.5
2017-04-30,18.07
2017-05-31,18.35
2017-06-30,18.45
2017-07-31,18.71
2017-08-31,19.38
2017-09-30,19.8
2017-10-31,20.12
2017-11-30,21.18
2017-12-31,21.81
2018-01-31,21.71
2018-02-28,21.64
2018-03-31,21.74
2018-04-30,21.72
2018-05-31,26.34
2018-06-30,28.63
2018-07-31,32.6
2018-08-31,33.42
2018-09-30,39.78
2018-10-31,48.05
2018-11-30,48.54
2018-12-31,46.21
2019-01-31,44.14
2019-02-28,36.83
2019-03-31,39.84
2019-04-30,46.17
2019-05-31,50.35
2019-06-30,49.15
2019-07-31,47.02
2019-08-31,52.86
2019-09-30,57.7
2019-10-31,53.71
2019-11-30,44.9
2019-12-31,40.79
2020-01-31,35.85
2020-02-29,32.94
2020-03-31,29.23
2020-04-30,21.37
2020-05-31,24.27
2020-06-30,29.52
2020-07-31,29.62
2020-08-31,30.49
2020-09-30,30.48
2020-10-31,31.34
2020-11-30,33.62
2020-12-31,34.75
2021-01-31,34.75
2021-02-28,34.66
2021-03-31,34.6
2021-04-30,34.58
2021-05-31,34.6
2021-06-30,34.62
2021-07-31,34.65
2021-08-31,34.63
2021-09-30,34.63
2021-10-31,34.6
2021-11-30,34.62
2021-12-31,34.61
2022-01-31,36.97
2022-02-28,38.45
2022-03-31,40.67
2022-04-30,43.41
2022-05-31,45.83
2022-06-30,48.72
2022-07-31,51.39
2022-08-31,61.35
2022-09-30,67.37
2022-10-31,69.9
2022-11-30,69.96
2022-12-31,70.15
2023-01-31,70.22
2023-02-28,70.49
2023-03-31,71.77
2023-04-30,75.23
2023-05-31,90.55
2023-06-30,93.02
2023-07-31,93.21
2023-08-31,104.97
2023-09-30,114.16
2023-10-31,123.05
2023-11-30,129.56
2023-12-31,121.96
2024-01-31,108.97
2024-02-29,108.7
2024-03-31,85.48
2024-04-30,64.83
2024-05-31,35.81
2024-06-30,33.32
2024-07-31,36.64
2024-08-31,38.42
2024-09-30,39.26
2024-10-31,40.42
2024-11-30,36.12
2024-12-31,32.94
2025-01-31,31.5
2025-02-28,28.42
2025-03-31,29.33
2025-04-30,33.48
2025-05-31,32.74
2025-06-30,32.19
2025-07-31,32.64
2025-08-31,48.14
2025-09-30,48.52
2025-10-31,46.43
2025-11-30,32.21
2025-12-31,26.73
2026-01-31,31.2
2026-02-28,30.95
2026-03-31,27.67
2026-04-30,22.74
2026-05-31,21.64
2026-06-30,21.05
2026-07-31,21.44
2026-08-31,22.83
